1.1752968601802707e-14,-1.1752968601802811e-14
1.6490987103874301e-18,-1.790317280897645e-18
1.6330100760306265e-18,-1.7748638990375696e-18
1.6170787097759222e-18,-1.75949993548283e-18
1.6014541118253736e-18,-1.7443214475849806e-18
1.5859215869367044e-18,-1.7291981888657584e-18
1.570486095145938e-18,-1.7141454361585384e-18
1.555457506826645e-18,-1.6993623042590058e-18
1.5406788792830603e-18,-1.6847447228181428e-18
1.5259871946179825e-18,-1.6701847241455125e-18
1.511219434934211e-18,-1.6555743405506785e-18
1.49644726586896e-18,-1.6409736876923525e-18
1.4821076315337818e-18,-1.6266986087158922e-18
1.4681480750777014e-18,-1.612709022570413e-18
1.4544935811298437e-18,-1.5989485819866417e-18
1.4410691343193349e-18,-1.5853609396953065e-18
1.4277997192753e-18,-1.5718897484271341e-18
1.414610320626865e-18,-1.5584786609128523e-18
1.4014259230031548e-18,-1.545071329883189e-18
1.3881715110332947e-18,-1.5316114080688712e-18
1.3747720693464104e-18,-1.5180425482006268e-18
1.3612469398080994e-18,-1.504385479498074e-18
1.3480608946871823e-18,-1.4910223813701499e-18
1.3352608600662232e-18,-1.477990513792086e-18
1.3228150218930279e-18,-1.4652625775427405e-18
1.3106915661154016e-18,-1.4528112734009704e-18
1.2988586786811507e-18,-1.4406093021456333e-18
1.2872845455380806e-18,-1.4286293645555875e-18
1.2759373526339964e-18,-1.4168441614096903e-18
1.2647852859167044e-18,-1.4052263934867992e-18
1.2537965313340103e-18,-1.3937487615657721e-18
1.242939274833719e-18,-1.382383966425467e-18
1.2321817023636371e-18,-1.3711047088447408e-18
1.2214919998715698e-18,-1.359883689602452e-18
1.2108383533053227e-18,-1.3486936094774577e-18
1.2001889486127012e-18,-1.3375071692486153e-18
1.1895119717415115e-18,-1.3262970696947832e-18
1.1787756086395589e-18,-1.3150360115948188e-18
1.1679480452546494e-18,-1.3036966957275797e-18
1.1569974675345885e-18,-1.2922518228719235e-18
1.1458920614271813e-18,-1.2806740938067078e-18
1.1346004388415791e-18,-1.2689366004388591e-18
1.1233811132488047e-18,-1.2572781980196847e-18
1.1124647880568812e-18,-1.2459106120751331e-18
1.1018399277175522e-18,-1.234822770912008e-18
1.0914949966825626e-18,-1.2240036028371129e-18
1.0814184594036564e-18,-1.2134420361572518e-18
1.0715987803325775e-18,-1.2031269991792283e-18
1.062024423921071e-18,-1.1930474202098462e-18
1.0526838546208803e-18,-1.1831922275559088e-18
1.0435655368837502e-18,-1.1735503495242205e-18
1.0346579351614253e-18,-1.1641107144215843e-18
1.0259495139056487e-18,-1.1548622505548042e-18
1.0174287375681658e-18,-1.1457938862306843e-18
1.0090840706007203e-18,-1.1368945497560275e-18
1.0009039774550565e-18,-1.128153169437638e-18
9.928769225829189e-19,-1.1195586735823197e-18
9.849913704360515e-19,-1.1110999904968756e-18
9.772357854661988e-19,-1.1027660484881102e-18
9.69598632125105e-19,-1.0945457758628266e-18
9.620683748645142e-19,-1.0864281009278286e-18
9.546334781361709e-19,-1.07840195198992e-18
9.47282406391819e-19,-1.0704562573559047e-18
9.400036240832034e-19,-1.062579945332586e-18
9.327855956620677e-19,-1.054761944226768e-18
9.256167855801567e-19,-1.0469911823452541e-18
9.184856582892144e-19,-1.0392565879948484e-18
9.11380678240985e-19,-1.031547089482354e-18
9.042903098872128e-19,-1.023851615114575e-18
8.972030176796423e-19,-1.016159093198315e-18
8.901072660700173e-19,-1.0084584520403776e-18
8.829915195100826e-19,-1.0007386199475668e-18
8.758442424515826e-19,-9.92988525226686e-19
8.686538993462607e-19,-9.851970961845391e-19
8.614089546458618e-19,-9.773532611279298e-19
8.540978728021298e-19,-9.694459483636614e-19
8.467091182668095e-19,-9.61464086198538e-19
8.392311554916446e-19,-9.533966029393636e-19
8.316524489283798e-19,-9.452324268929413e-19
8.239614630287592e-19,-9.369604863660747e-19
8.16146662244527e-19,-9.285697096655683e-19
8.081965110274275e-19,-9.20049025098225e-19
8.001005453595638e-19,-9.113884319508477e-19
7.920409135011911e-19,-9.027703315273442e-19
7.841549121880176e-19,-8.943319160706003e-19
7.764392980101077e-19,-8.860698290743868e-19
7.688908275575266e-19,-8.77980714032476e-19
7.615062574203389e-19,-8.70061214438639e-19
7.542823441886094e-19,-8.623079737866476e-19
7.472158444524031e-19,-8.547176355702736e-19
7.403035148017842e-19,-8.472868432832884e-19
7.335421118268181e-19,-8.400122404194636e-19
7.269283921175692e-19,-8.328904704725711e-19
7.204591122641025e-19,-8.259181769363822e-19
7.141310288564826e-19,-8.190920033046686e-19
7.079408984847743e-19,-8.12408593071202e-19
7.018854777390426e-19,-8.058645897297543e-19
6.959615232093518e-19,-7.994566367740966e-19
6.90165791485767e-19,-7.931813776980007e-19
6.84495039158353e-19,-7.870354559952382e-19
6.789460228171745e-19,-7.81015515159581e-19
6.735154990522962e-19,-7.751181986848005e-19
6.682002244537829e-19,-7.693401500646682e-19
6.629969556116996e-19,-7.63678012792956e-19
6.579024491161107e-19,-7.581284303634352e-19
6.529134615570813e-19,-7.526880462698778e-19
6.480267495246759e-19,-7.473535040060552e-19
6.432390696089596e-19,-7.42121447065739e-19
6.385471783999969e-19,-7.36988518942701e-19
6.339478324878528e-19,-7.319513631307125e-19
6.294377884625917e-19,-7.270066231235455e-19
6.250138029142788e-19,-7.221509424149714e-19
6.206726324329784e-19,-7.173809644987618e-19
6.164110336087559e-19,-7.126933328686884e-19
6.122257630316756e-19,-7.080846910185228e-19
6.081135772918023e-19,-7.035516824420368e-19
6.04071232979201e-19,-6.990909506330018e-19
6.000954866839363e-19,-6.946991390851894e-19
5.96183094996073e-19,-6.903728912923713e-19
5.92330814505676e-19,-6.861088507483192e-19
5.885354018028097e-19,-6.819036609468046e-19
5.847936134775395e-19,-6.77753965381599e-19
5.811022061199296e-19,-6.736564075464745e-19
5.774579363200451e-19,-6.696076309352024e-19
5.738575606679506e-19,-6.656042790415541e-19
5.70297835753711e-19,-6.616429953593016e-19
5.667755181673909e-19,-6.577204233822164e-19
5.632873644990552e-19,-6.5383320660407e-19
5.598301313387686e-19,-6.499779885186342e-19
5.56400575276596e-19,-6.461514126196807e-19
5.529954529026023e-19,-6.423501224009807e-19
5.496115208068519e-19,-6.385707613563063e-19
5.462455355794098e-19,-6.348099729794287e-19
5.428942538103406e-19,-6.3106440076412e-19
5.395544320897093e-19,-6.273306882041514e-19
5.362228270075807e-19,-6.236054787932949e-19
5.328961951540192e-19,-6.198854160253217e-19
5.295712931190899e-19,-6.161671433940037e-19
5.2624487749285765e-19,-6.124473043931124e-19
5.229137048653868e-19,-6.087225425164196e-19
5.195745318267426e-19,-6.0498950125769685e-19
5.162241149669897e-19,-6.012448241107156e-19
5.128592108761928e-19,-5.974851545692477e-19
5.094765761444163e-19,-5.937071361270644e-19
5.060729673617256e-19,-5.899074122779379e-19
5.026451411181851e-19,-5.860826265156395e-19
4.991898540038597e-19,-5.822294223339407e-19
4.957038626088141e-19,-5.783444432266133e-19
4.921839235231135e-19,-5.744243326874288e-19
4.886267933368219e-19,-5.70465734210159e-19
4.850292286400046e-19,-5.664652912885755e-19
4.813879860227262e-19,-5.624196474164498e-19
4.776998220750516e-19,-5.583254460875533e-19
4.739614933870455e-19,-5.541793307956583e-19
4.701697565487727e-19,-5.499779450345358e-19
4.663213681502978e-19,-5.457179322979578e-19
4.624130847816859e-19,-5.413959360796956e-19
4.584416630330015e-19,-5.370085998735211e-19
4.544038594943093e-19,-5.325525671732058e-19
4.502964307556745e-19,-5.280244814725213e-19
4.461161334071616e-19,-5.234209862652393e-19
4.418597240388352e-19,-5.187387250451312e-19
4.375239592407605e-19,-5.13974341305969e-19
4.331055956030018e-19,-5.091244785415239e-19
4.28603668066843e-19,-5.041881802121217e-19
4.241282808941219e-19,-4.992814688370559e-19
4.1974066737047864e-19,-4.944688315551046e-19
4.1543948757658055e-19,-4.89748832266739e-19
4.1122340159309534e-19,-4.851200348724304e-19
4.070910695006901e-19,-4.805810032726506e-19
4.030411513800325e-19,-4.76130301367871e-19
3.9907230731179004e-19,-4.7176649305856315e-19
3.9518319737663e-19,-4.674881422451983e-19
3.9137248165521995e-19,-4.632938128282484e-19
3.876388202282272e-19,-4.5918206870818445e-19
3.8398087317631944e-19,-4.551514737854781e-19
3.8039730058016374e-19,-4.512005919606011e-19
3.768867625204279e-19,-4.473279871340244e-19
3.734479190777792e-19,-4.4353222320622e-19
3.700794303328852e-19,-4.398118640776592e-19
3.667799563664132e-19,-4.361654736488134e-19
3.635481572590307e-19,-4.3259161582015426e-19
3.603826930914052e-19,-4.2908885449215323e-19
3.572822239442041e-19,-4.256557535652818e-19
3.542454098980948e-19,-4.2229087694001137e-19
3.5127091103374484e-19,-4.1899278851681347e-19
3.4835738743182157e-19,-4.1576005219615956e-19
3.4550349917299257e-19,-4.125912318785213e-19
3.427079063379251e-19,-4.0948489146436996e-19
3.399692690072868e-19,-4.0643959485417723e-19
3.3728624726174506e-19,-4.0345390594841437e-19
3.346575011819672e-19,-4.005263886475531e-19
3.320816908486209e-19,-3.976556068520648e-19
3.295574763423733e-19,-3.94840124462421e-19
3.2708351774389215e-19,-3.9207850537909313e-19
3.246584751338446e-19,-3.893693135025527e-19
3.2228100859289847e-19,-3.8671111273327117e-19
3.1994977820172084e-19,-3.8410246697172017e-19
3.1766344404097933e-19,-3.81541940118371e-19
3.154206661913413e-19,-3.790280960736952e-19
3.1322010473347443e-19,-3.7655949873816447e-19
3.110604197480459e-19,-3.7413471201225003e-19
3.089402713157232e-19,-3.717522997964235e-19
3.0685831951717387e-19,-3.694108259911563e-19
3.048132244330654e-19,-3.6710885449692013e-19
3.0280364614406514e-19,-3.648449492141862e-19
3.0082824473084056e-19,-3.6261767404342606e-19
2.9888568027405906e-19,-3.604255928851114e-19
2.96974612854388e-19,-3.582672696397135e-19
2.9509370255249507e-19,-3.561412682077039e-19
2.932416094490475e-19,-3.5404615248955404e-19
2.91416993624713e-19,-3.5198048638573567e-19
2.8961851516015873e-19,-3.4994283379671994e-19
2.8784483413605232e-19,-3.4793175862297856e-19
2.860946106330611e-19,-3.459458247649829e-19
2.8436650473185256e-19,-3.4398359612320457e-19
2.8265917651309413e-19,-3.420436365981149e-19
2.809712860574534e-19,-3.4012451009018556e-19
2.7930149344559757e-19,-3.3822478049988793e-19
2.776484587581943e-19,-3.363430117276935e-19
2.7601084207591083e-19,-3.3447776767407384e-19
2.743873034794148e-19,-3.326276122395004e-19
2.727765030493735e-19,-3.3079110932444457e-19
2.7117710086645464e-19,-3.28966822829378e-19
2.6958775701132534e-19,-3.27153316654772e-19
2.6800713156465324e-19,-3.253491547010983e-19
2.664338846071056e-19,-3.2355290086882817e-19
2.6486667621935018e-19,-3.2176311905843326e-19
2.633041664820542e-19,-3.1997837317038494e-19
2.6174501547588524e-19,-3.1819722710515473e-19
2.601878832815105e-19,-3.164182447632142e-19
2.5863142997959763e-19,-3.1463999004503473e-19
2.5707431565081415e-19,-3.1286102685108794e-19
2.5551520037582723e-19,-3.1107991908184516e-19
2.5395274423530457e-19,-3.0929523063777797e-19
2.5238560730991345e-19,-3.075055254193579e-19
2.5081244968032143e-19,-3.057093673270564e-19
2.4923193142719593e-19,-3.0390532026134493e-19
2.476427126312044e-19,-3.0209194812269503e-19
2.460434533730142e-19,-3.002678148115781e-19
2.4443281373329287e-19,-2.984314842284657e-19
2.428094537927079e-19,-2.9658152027382936e-19
2.411720336319266e-19,-2.9471648684814055e-19
2.395192133316165e-19,-2.928349478518706e-19
2.37849652972445e-19,-2.909354671854913e-19
2.3616201263507954e-19,-2.8901660874947386e-19
2.344549524001877e-19,-2.8707693644429003e-19
2.3272713234843676e-19,-2.85115014170411e-19
2.3097721256049426e-19,-2.831294058283086e-19
2.2920385311702756e-19,-2.8111867531845397e-19
2.274057140987043e-19,-2.790813865413189e-19
2.2558145558619167e-19,-2.7701610339737467e-19
2.237297376601574e-19,-2.749213897870929e-19
2.218492204012686e-19,-2.727958096109449e-19
2.19938563890193e-19,-2.7063792676940253e-19
2.1799642820759787e-19,-2.6844630516293686e-19
2.160214734341508e-19,-2.6621950869201963e-19
2.140123596505191e-19,-2.6395610125712235e-19
2.1196774693737027e-19,-2.6165464675871627e-19
2.0988629537537182e-19,-2.593137090972731e-19
2.0776666504519102e-19,-2.569318521732642e-19
2.0560751602749558e-19,-2.545076398871613e-19
2.0340750840295273e-19,-2.5203963613943556e-19
2.0116530225223004e-19,-2.495264048305587e-19
1.9888073097454193e-19,-2.469677832045972e-19
1.9661074975112912e-19,-2.4442559382608516e-19
1.9438691893617644e-19,-2.4193408170046847e-19
1.922085340150017e-19,-2.394924732079698e-19
1.9007489047292227e-19,-2.3709999472881147e-19
1.879852837952561e-19,-2.3475587264321604e-19
1.8593900946732047e-19,-2.324593333314057e-19
1.8393536297443337e-19,-2.3020960317360326e-19
1.8197363980191208e-19,-2.2800590855003073e-19
1.8005313543507442e-19,-2.2584747584091094e-19
1.7817314535923797e-19,-2.2373353142646604e-19
1.763329650597203e-19,-2.2166330168691866e-19
1.7453189002183911e-19,-2.196360130024911e-19
1.7276921573091204e-19,-2.176508917534059e-19
1.710442376722566e-19,-2.1570716431988543e-19
1.6935625133119052e-19,-2.1380405708215223e-19
1.6770455219303136e-19,-2.1194079642042858e-19
1.6608843574309678e-19,-2.1011660871493703e-19
1.6450719746670441e-19,-2.0833072034590007e-19
1.629601328491718e-19,-2.065823576935399e-19
1.6144653737581671e-19,-2.0487074713807922e-19
1.5996570653195657e-19,-2.031951150597403e-19
1.5851693580290925e-19,-2.0155468783874577e-19
1.570995206739921e-19,-1.9994869185531775e-19
1.5571275663052298e-19,-1.98376353489679e-19
1.5435593915781935e-19,-1.9683689912205174e-19
1.5302836374119893e-19,-1.9532955513265857e-19
1.5172932586597933e-19,-1.9385354790172178e-19
1.5045812101747808e-19,-1.9240810380946397e-19
1.4921404468101291e-19,-1.9099244923610738e-19
1.479963923419015e-19,-1.8960581056187462e-19
1.4680445948546128e-19,-1.8824741416698802e-19
1.4563754159701001e-19,-1.8691648643167007e-19
1.4449493416186529e-19,-1.8561225373614322e-19
1.4337593266534475e-19,-1.843339424606299e-19
1.4227983259276594e-19,-1.8308077898535245e-19
1.412059294294466e-19,-1.8185198969053349e-19
1.4015351866070425e-19,-1.8064680095639528e-19
1.391218957718566e-19,-1.794644391631604e-19
1.381103562482212e-19,-1.7830413069105118e-19
1.3711819557511578e-19,-1.7716510192029013e-19
1.361447092378578e-19,-1.7604657923109963e-19
1.35189192721765e-19,-1.7494778900370217e-19
1.3425094151215494e-19,-1.7386795761832012e-19
1.3332925109434536e-19,-1.7280631145517603e-19
1.324234169536538e-19,-1.7176207689449228e-19
1.3153273457539781e-19,-1.7073448031649125e-19
1.3065649944489512e-19,-1.6972274810139545e-19
1.2979400704746335e-19,-1.6872610662942728e-19
1.2894455286842011e-19,-1.677437822808092e-19
1.2810743239308292e-19,-1.6677500143576363e-19
1.2728194110676958e-19,-1.6581899047451305e-19
1.2646737449479754e-19,-1.648749757772798e-19
1.2566302804248458e-19,-1.6394218372428646e-19
1.2486819723514825e-19,-1.6301984069575536e-19
1.2408217755810617e-19,-1.6210717307190896e-19
1.2330426449667595e-19,-1.6120340723296973e-19
1.2253375353617526e-19,-1.6030776955916011e-19
1.2176994016192166e-19,-1.5941948643070247e-19
1.2101211985923287e-19,-1.585377842278193e-19
1.202595881134264e-19,-1.5766188933073303e-19
1.1951164040981993e-19,-1.567910281196661e-19
1.187675722337311e-19,-1.5592442697484092e-19
1.1802667907047753e-19,-1.5506131227648e-19
1.172882564053768e-19,-1.542009104048057e-19
1.1655159972374657e-19,-1.5334244774004052e-19
1.1581600451090443e-19,-1.5248515066240683e-19
1.1508076625216803e-19,-1.5162824555212715e-19
1.1434518043285501e-19,-1.5077095878942382e-19
1.13608542538283e-19,-1.4991251675451937e-19
1.128701480537696e-19,-1.490521458276362e-19
1.1212929246463238e-19,-1.4818907238899668e-19
1.1138527125618904e-19,-1.4732252281882339e-19
1.1063737991375718e-19,-1.4645172349733867e-19
1.0988491392265442e-19,-1.4557590080476498e-19
1.0912716876819837e-19,-1.4469428112132473e-19
1.083634399357067e-19,-1.4380609082724042e-19
1.0759302291049694e-19,-1.4291055630273444e-19
1.0681521317788684e-19,-1.4200690392802926e-19
1.0602930622319391e-19,-1.4109436008334726e-19
1.0523459753173588e-19,-1.4017215114891098e-19
1.0443038258883028e-19,-1.3923950350494275e-19
1.0361595687979477e-19,-1.3829564353166504e-19
1.0279061588994695e-19,-1.373397976093003e-19
1.019536551046045e-19,-1.3637119211807102e-19
1.0110437000908497e-19,-1.3538905343819954e-19
1.0024205608870608e-19,-1.3439260794990836e-19
9.936600882878531e-20,-1.333810820334199e-19
9.847552371464044e-20,-1.3235370206895663e-19
9.7569896231589e-20,-1.3130969443674087e-19
9.664842186494867e-20,-1.3024828551699523e-19
9.571039610003697e-20,-1.2916870168994202e-19
9.475511442217166e-20,-1.2807016933580376e-19
9.378187231667026e-20,-1.2695191483480281e-19
9.278996526885047e-20,-1.258131645671617e-19
9.177868876402986e-20,-1.2465314491310281e-19
9.074733828752602e-20,-1.2347108225284853e-19
8.969520932465666e-20,-1.2226620296662137e-19
8.86215973607393e-20,-1.2103773343464378e-19
8.752579788109171e-20,-1.1978490003713815e-19
8.640770771472146e-20,-1.185075912914485e-19
8.529650546490278e-20,-1.1723793704570498e-19
8.420837206981867e-20,-1.1599375337814915e-19
8.314295536905704e-20,-1.1477465146456698e-19
8.20999032022056e-20,-1.135802424807442e-19
8.107886340885228e-20,-1.124101376024668e-19
8.007948382858474e-20,-1.1126394800552053e-19
7.910141230099092e-20,-1.1014128486569137e-19
7.814429666565855e-20,-1.0904175935876502e-19
7.720778476217547e-20,-1.0796498266052747e-19
7.629152443012947e-20,-1.0691056594676448e-19
7.539516350910841e-20,-1.0587812039326203e-19
7.45183498387e-20,-1.0486725717580584e-19
7.366073125849216e-20,-1.038775874701819e-19
7.282195560807262e-20,-1.0290872245217592e-19
7.200167072702921e-20,-1.0196027329757389e-19
7.119952445494973e-20,-1.0103185118216157e-19
7.041516463142202e-20,-1.0012306728172495e-19
6.964823909603385e-20,-9.92335327720497e-20
6.889839568837309e-20,-9.836285882892182e-20
6.816528224802748e-20,-9.751065662812716e-20
6.744854661458488e-20,-9.66765373454515e-20
6.674783662763304e-20,-9.586011215668074e-20
6.60628001267598e-20,-9.506099223760072e-20
6.539308495155299e-20,-9.427878876399738e-20
6.473833894160036e-20,-9.351311291165647e-20
6.409820993648979e-20,-9.276357585636391e-20
6.347234577580905e-20,-9.202978877390551e-20
6.286039429914597e-20,-9.13113628400672e-20
6.226200334608832e-20,-9.060790923063475e-20
6.167682075622395e-20,-8.99190391213941e-20
6.110449436914064e-20,-8.924436368813105e-20
6.05446720244262e-20,-8.858349410663152e-20
5.999700156166846e-20,-8.793604155268125e-20
5.946113082045521e-20,-8.730161720206624e-20
5.893670764037428e-20,-8.667983223057225e-20
5.842337986101345e-20,-8.607029781398518e-20
5.792079532196055e-20,-8.547262512809088e-20
5.742860186280334e-20,-8.488642534867517e-20
5.69464473231297e-20,-8.431130965152398e-20
5.647397954252742e-20,-8.374688921242312e-20
5.601084636058427e-20,-8.319277520715849e-20
5.555669561688807e-20,-8.264857881151583e-20
5.511117515102667e-20,-8.211391120128117e-20
5.467393280258787e-20,-8.158838355224026e-20
5.424461641115944e-20,-8.107160704017898e-20
5.38228738163292e-20,-8.056319284088318e-20
5.340835285768496e-20,-8.006275213013868e-20
5.300070137481455e-20,-7.956989608373143e-20
5.259956720730577e-20,-7.908423587744724e-20
5.220459819474641e-20,-7.860538268707196e-20
5.1815442176724264e-20,-7.813294768839142e-20
5.14317469928272e-20,-7.766654205719157e-20
5.1053160482643007e-20,-7.720577696925818e-20
5.0679330485759465e-20,-7.675026360037716e-20
5.030990484176437e-20,-7.62996131263343e-20
4.99445313902456e-20,-7.585343672291556e-20
4.958285797079091e-20,-7.541134556590673e-20
4.922453242298812e-20,-7.497295083109366e-20
4.8869202586425e-20,-7.453786369426221e-20
4.8516516300689445e-20,-7.410569533119828e-20
4.816612140536919e-20,-7.36760569176877e-20
4.7817665740052105e-20,-7.324855962951635e-20
4.7470797144325906e-20,-7.282281464247001e-20
4.71251634577785e-20,-7.239843313233465e-20
4.678041251999767e-20,-7.197502627489607e-20
4.6436192170571183e-20,-7.155220524594013e-20
4.609215024908683e-20,-7.112958122125264e-20
4.5747934595132544e-20,-7.070676537661955e-20
4.540319304829601e-20,-7.028336888782668e-20
4.505757344816508e-20,-6.985900293065987e-20
4.471072363432755e-20,-6.943327868090495e-20
4.4362291446371264e-20,-6.900580731434787e-20
4.401192472388399e-20,-6.857620000677444e-20
4.365927130645357e-20,-6.81440679339705e-20
4.330397903366779e-20,-6.770902227172193e-20
4.294569574511443e-20,-6.727067419581452e-20
4.2584069280381366e-20,-6.682863488203424e-20
4.221874747905637e-20,-6.63825155061669e-20
4.184937818072726e-20,-6.593192724399834e-20
4.1475609224981796e-20,-6.547648127131438e-20
4.109708845140788e-20,-6.501578876390099e-20
4.0713463699593246e-20,-6.454946089754396e-20
4.0324382809125744e-20,-6.407710884802913e-20
3.9929493619593104e-20,-6.359834379114236e-20
3.9528443970583265e-20,-6.311277690266957e-20
3.912088170168395e-20,-6.262001935839657e-20
3.870645465248299e-20,-6.211968233410922e-20
3.828481066256813e-20,-6.161137700559333e-20
3.785559757152728e-20,-6.109471454863487e-20
3.741846321894819e-20,-6.056930613901963e-20
3.697305544441871e-20,-6.003476295253348e-20
3.651902208752657e-20,-5.949069616496222e-20
3.6056010987859666e-20,-5.893671695209181e-20
3.558366998500576e-20,-5.837243648970804e-20
3.510164691855267e-20,-5.77974659535968e-20
3.460958962808818e-20,-5.72114165195439e-20
3.4107145953200144e-20,-5.661389936333524e-20
3.3593963733476363e-20,-5.600452566075671e-20
3.306969080850465e-20,-5.538290658759411e-20
3.2534274071341896e-20,-5.474898585927448e-20
3.2002223102836e-20,-5.4118899587191894e-20
3.148158540896578e-20,-5.3501595488683336e-20
3.0972186758996847e-20,-5.2896878435920923e-20
3.0473852922194957e-20,-5.230455330107684e-20
2.9986409667825727e-20,-5.1724424956323233e-20
2.950968276515491e-20,-5.115629827383238e-20
2.904349798344817e-20,-5.0599978125776403e-20
2.858768109197119e-20,-5.005526938432752e-20
2.814205785998963e-20,-4.9521976921657855e-20
2.7706454056769267e-20,-4.899990560993968e-20
2.728069545157572e-20,-4.8488860321345137e-20
2.6864607813674703e-20,-4.7988645928046424e-20
2.6458016912331843e-20,-4.7499067302215684e-20
2.6060748516812917e-20,-4.7019929316025186e-20
2.5672628396383567e-20,-4.655103684164707e-20
2.5293482320309512e-20,-4.609219475125352e-20
2.4923136057856358e-20,-4.56432079170167e-20
2.4561415378289913e-20,-4.520388121110885e-20
2.4208146050875784e-20,-4.477401950570214e-20
2.38631538448797e-20,-4.435342767296876e-20
2.352626452956728e-20,-4.394191058508082e-20
2.3197303874204314e-20,-4.353927311421063e-20
2.2876097648056433e-20,-4.314532013253031e-20
2.2562471620389327e-20,-4.275985651221206e-20
2.2256251560468688e-20,-4.238268712542805e-20
2.1957263237560184e-20,-4.2013616844350454e-20
2.1665332420929555e-20,-4.165245054115152e-20
2.138028487984244e-20,-4.129899308800339e-20
2.1101946383564583e-20,-4.095304935707826e-20
2.0830142701361596e-20,-4.061442422054829e-20
2.0564699602499236e-20,-4.028292255058571e-20
2.030544285624315e-20,-3.9958349219362706e-20
2.0052198231859045e-20,-3.964050909905143e-20
1.9804791498612598e-20,-3.932920706182407e-20
1.9563048425769507e-20,-3.902424797985285e-20
1.932679478259548e-20,-3.872543672530993e-20
1.9095856338356165e-20,-3.843257817036751e-20
1.8870058862317247e-20,-3.814547718719774e-20
1.864922812374447e-20,-3.786393864797286e-20
1.843318989190348e-20,-3.7587767424865027e-20
1.8221769936059973e-20,-3.731676839004644e-20
1.8014794025479614e-20,-3.7050746415689255e-20
1.7812087929428156e-20,-3.67895063739657e-20
1.761347741717124e-20,-3.653285313704794e-20
1.7418788257974558e-20,-3.628059157710817e-20
1.7227846221103778e-20,-3.603252656631855e-20
1.7040477075824644e-20,-3.5788462976851314e-20
1.6856506591402806e-20,-3.5548205680878625e-20
1.6675760537103968e-20,-3.531155955057266e-20
1.6498064682193796e-20,-3.507832945810562e-20
1.6323244795937975e-20,-3.4848320275649657e-20
1.615112664760225e-20,-3.462133687537701e-20
1.5981536006452262e-20,-3.439718412945985e-20
1.5814298641753703e-20,-3.417566691007034e-20
1.564924032277225e-20,-3.395659008938067e-20
1.5486186818773628e-20,-3.3739758539563055e-20
1.5324963899023505e-20,-3.352497713278967e-20
1.5165397332787568e-20,-3.33120507412327e-20
1.50073128893315e-20,-3.31007842370643e-20
1.4850536337920998e-20,-3.289098249245671e-20
1.469489344782176e-20,-3.2682450379582096e-20
1.4540209988299464e-20,-3.247499277061263e-20
1.4386311728619787e-20,-3.2268414537720495e-20
1.4233024438048443e-20,-3.206252055307791e-20
1.4080173885851097e-20,-3.185711568885705e-20
1.392758584129345e-20,-3.1652004817230085e-20
1.3775086073641186e-20,-3.14469928103692e-20
1.3622500352159997e-20,-3.124188454044661e-20
1.3469654446115565e-20,-3.103648487963449e-20
1.3316374124773596e-20,-3.083059870010502e-20
1.3162485157399744e-20,-3.062403087403037e-20
1.3007813313259741e-20,-3.041658627358277e-20
1.2852184361619238e-20,-3.0208069770934373e-20
1.2695424071743951e-20,-2.9998286238257374e-20
1.2537358212899558e-20,-2.9787040547723973e-20
1.2377812554351715e-20,-2.957413757150631e-20
1.2216612865366164e-20,-2.935938218177663e-20
1.205358491520858e-20,-2.914257925070709e-20
1.1888554473144635e-20,-2.8923533650469897e-20
1.1721347308440004e-20,-2.8702050253237197e-20
1.1551789190360419e-20,-2.847793393118122e-20
1.1379705888171544e-20,-2.8250989556474135e-20
1.1204923171139066e-20,-2.8021022001288126e-20
1.1027266808528666e-20,-2.7787836137795366e-20
1.0846562569606058e-20,-2.7551236838168083e-20
1.0662636223636918e-20,-2.731102897457844e-20
1.0475313539886922e-20,-2.7067017419198617e-20
1.0284420287621766e-20,-2.6819007044200777e-20
1.008978223610713e-20,-2.656680272175717e-20
9.891225154608734e-21,-2.6310209324039943e-20
9.688574812392255e-21,-2.6049031723221295e-20
9.481656978723331e-21,-2.5783074791473373e-20
9.270297422867729e-21,-2.5512143400968423e-20
9.054321914091095e-21,-2.5236042423878608e-20
8.833556221659121e-21,-2.495457673237611e-20
8.607826114837477e-21,-2.4667551198633098e-20
8.37695736289189e-21,-2.4374770694821798e-20
8.140775735088035e-21,-2.4076040093114378e-20
7.899107000691591e-21,-2.3771164265683023e-20
7.651923927093934e-21,-2.3460114508173093e-20
7.406357872434649e-21,-2.3150965976514005e-20
7.166364911304901e-21,-2.2848196837775632e-20
6.931859966966455e-21,-2.2551709706558184e-20
6.702757962681161e-21,-2.2261407197461883e-20
6.478973821710788e-21,-2.1977191925086953e-20
6.260422467317197e-21,-2.169896650403367e-20
6.047018822762176e-21,-2.1426633548902228e-20
5.8386778113075395e-21,-2.1160095674292885e-20
5.63531435621509e-21,-2.0899255494805842e-20
5.436843380746672e-21,-2.064401562504138e-20
5.243179808164073e-21,-2.03942786795997e-20
5.054238561729109e-21,-2.0149947273081048e-20
4.869934564703588e-21,-1.9910924020085635e-20
4.690182740349341e-21,-1.9677111535213733e-20
4.514898011928173e-21,-1.9448412433065556e-20
4.343995302701888e-21,-1.922472932824134e-20
4.177389535932301e-21,-1.9005964835341287e-20
4.0149956348812366e-21,-1.879202156896569e-20
3.856728522810507e-21,-1.8582802143714753e-20
3.7025031229819204e-21,-1.8378209174188712e-20
3.552234358657265e-21,-1.8178145274987773e-20
3.4058371530983956e-21,-1.7982513060712222e-20
3.263226429567105e-21,-1.779121514596226e-20
3.124317111325211e-21,-1.7604154145338132e-20
2.989024121634518e-21,-1.7421232673440067e-20
2.8572623837568395e-21,-1.724235334486828e-20
2.7289468209539898e-21,-1.706741877422304e-20
2.6039923564877958e-21,-1.6896331576104562e-20
2.482313913620054e-21,-1.6728994365113087e-20
2.3638264156125753e-21,-1.6565309755848822e-20
2.2484447857271957e-21,-1.6405180362912048e-20
2.136083947225696e-21,-1.6248508800902966e-20
2.0266588233699166e-21,-1.6095197684421818e-20
1.9200843374216545e-21,-1.5945149628068824e-20
1.8162754126427277e-21,-1.5798267246444247e-20
1.715146972294956e-21,-1.56544531541483e-20
1.6166139396401428e-21,-1.5513609965781223e-20
1.5205912379400938e-21,-1.5375640295943234e-20
1.4269937904566281e-21,-1.5240446759234597e-20
1.3357365204515793e-21,-1.510793197025553e-20
1.2467343511867378e-21,-1.4977998543606265e-20
1.159902205923911e-21,-1.485054909388702e-20
1.0751550079249255e-21,-1.4725486235698065e-20
9.924076804516094e-22,-1.460271258363961e-20
9.115751467657369e-22,-1.4482130752311892e-20
8.325723301291347e-22,-1.436364335631514e-20
7.553141538036429e-22,-1.424715301024961e-20
6.797155410510546e-22,-1.4132562328715512e-20
6.056914151331677e-22,-1.4019773926313083e-20
5.331566993118151e-22,-1.3908690417642563e-20
4.620263168488061e-22,-1.3799214417304187e-20
3.922151910059531e-22,-1.3691248539898188e-20
3.2363824504506107e-22,-1.3584695400024798e-20
2.562104022279597e-22,-1.3479457612284249e-20
1.8984658581642828e-22,-1.3375437791276768e-20
1.2446171907233042e-22,-1.3272538551602604e-20
5.997072525743864e-23,-1.3170662507861988e-20
-3.711472366416573e-24,-1.3069712274655146e-20
-6.666995053743485e-23,-1.296959046658231e-20
-1.2898978599378496e-22,-1.2870199698243725e-20
-1.907560554736688e-22,-1.2771442584239618e-20
-2.5205383571527467e-22,-1.2673221739170228e-20
-3.1296820345678116e-22,-1.2575439777635774e-20
-3.7358423543637433e-22,-1.2477999314236508e-20
-4.339870083922516e-22,-1.2380802963572653e-20
-4.942615990625861e-22,-1.228375334024445e-20
-5.544930841855769e-22,-1.2186753058852123e-20
-6.1476654049940995e-22,-1.2089704733995915e-20
-6.751670447422669e-22,-1.1992510980276051e-20
-7.357796736523292e-22,-1.189507441229278e-20
-7.966895039678026e-22,-1.179729764464631e-20
-8.57981612426858e-22,-1.1699083291936903e-20
-9.19741075767681e-22,-1.160033396876478e-20
-9.820529707284754e-22,-1.1500952289730175e-20
-1.0450023740474207e-21,-1.1400840869433311e-20
-1.1086743624626947e-21,-1.1299902322474446e-20
-1.1731540127124954e-21,-1.1198039263453792e-20
-1.2385264015349977e-21,-1.1095154306971598e-20
-1.304876605668408e-21,-1.0991150067628088e-20
-1.3722897018508988e-21,-1.0885929160023488e-20
-1.4408507668206592e-21,-1.0779394198758056e-20
-1.5106448773158775e-21,-1.0671447798432006e-20
-1.581757110074733e-21,-1.0561992573645583e-20
-1.6542725418354383e-21,-1.0450931138999007e-20
-1.728276249336158e-21,-1.0338166109092529e-20
-1.8038533093150757e-21,-1.022360009852637e-20
-1.8810887985103854e-21,-1.0107135721900772e-20
-1.9600677936602913e-21,-9.988675593815956e-21
-2.040875371502957e-21,-9.868122328872175e-21
-2.123596608776576e-21,-9.745378541669645e-21
-2.208316582219335e-21,-9.620346846808613e-21
-2.29512036856943e-21,-9.492929858889294e-21
-2.3840930445650263e-21,-9.363030192511948e-21
-2.475319686944338e-21,-9.230550462276796e-21
-2.5688853724455398e-21,-9.09539328278407e-21
-2.664875177806821e-21,-8.957461268633993e-21
-2.7633741797663566e-21,-8.816657034426822e-21
-2.8644674550623522e-21,-8.67288319476278e-21
-2.9682400804329864e-21,-8.5260423642421e-21
-3.0747061048001388e-21,-8.376120014513918e-21
-3.1804203279703454e-21,-8.227136356040356e-21
-3.2834709307718286e-21,-8.081321005383982e-21
-3.3838985750257963e-21,-7.93862559635585e-21
-3.481743922553478e-21,-7.799001762767014e-21
-3.577047635176098e-21,-7.662401138428522e-21
-3.669850374714865e-21,-7.528775357151445e-21
-3.760192802990993e-21,-7.398076052746825e-21
-3.848115581825724e-21,-7.270254859025725e-21
-3.933659373040269e-21,-7.145263409799181e-21
-4.016864838455841e-21,-7.023053338878273e-21
-4.097772639893656e-21,-6.903576280074044e-21
-4.176423439174958e-21,-6.786783867197547e-21
-4.252857898120948e-21,-6.672627734059829e-21
-4.3271166785528426e-21,-6.561059514471961e-21
-4.399240442291876e-21,-6.452030842244992e-21
-4.4692698511592574e-21,-6.345493351189971e-21
-4.537245566976219e-21,-6.241398675117951e-21
-4.603208251563981e-21,-6.139698447839997e-21
-4.667198566743739e-21,-6.040344303167156e-21
-4.7292571743367344e-21,-5.943287874910489e-21
-4.789424736164194e-21,-5.848480796881036e-21
-4.847741914047318e-21,-5.755874702889871e-21
-4.9042493698073406e-21,-5.665421226748037e-21
-4.958987765265472e-21,-5.57707200226659e-21
-5.011997762242939e-21,-5.49077866325658e-21
-5.063320022560969e-21,-5.4064928435290704e-21
-5.112995208040758e-21,-5.324166176895115e-21
-5.161063980503561e-21,-5.243750297165764e-21
-5.2075670017705555e-21,-5.1651968381520734e-21
-5.2525449336630095e-21,-5.08845743366509e-21
-5.296038438002099e-21,-5.013483717515885e-21
-5.338088176609078e-21,-4.940227323515501e-21
-5.378734811305143e-21,-4.8686398854749965e-21
-5.4180190039115335e-21,-4.798673037205418e-21
-5.455981416249458e-21,-4.730278412517833e-21
-5.4926627101401365e-21,-4.66340764522329e-21
-5.528103547404795e-21,-4.598012369132844e-21
-5.562344589864644e-21,-4.534044218057543e-21
-5.595426499340918e-21,-4.471454825808452e-21
-5.627389937654815e-21,-4.410195826196623e-21
-5.6582755666275835e-21,-4.350218853033108e-21
-5.6881240480804214e-21,-4.2914755401289564e-21
-5.716976043834557e-21,-4.233917521295234e-21
-5.744872215711212e-21,-4.177496430342989e-21
-5.771853225531604e-21,-4.122163901083277e-21
-5.797959735116961e-21,-4.067871567327147e-21
-5.823232406288494e-21,-4.0145710628856665e-21
-5.847711900867415e-21,-3.962214021569878e-21
-5.871438880674964e-21,-3.9107520771908416e-21
-5.8944540075323515e-21,-3.860136863559607e-21
-5.916797943260797e-21,-3.8103200144872365e-21
-5.938511349681521e-21,-3.761253163784779e-21
-5.9596348886157374e-21,-3.712887945263291e-21
-5.980209221884684e-21,-3.665175992733829e-21
-6.000275011309568e-21,-3.6180689400074366e-21
-6.019872918711614e-21,-3.571518420895184e-21
-6.0390436059120315e-21,-3.525476069208118e-21
-6.057827734732055e-21,-3.479893518757292e-21
-6.0762659669929006e-21,-3.43472240335376e-21
-6.094398964515782e-21,-3.3899143568085815e-21
-6.112267389121926e-21,-3.345421012932809e-21
-6.129911902632552e-21,-3.3011940055374954e-21
-6.147373166868878e-21,-3.257184968433692e-21
-6.164691843652121e-21,-3.2133455354324625e-21
-6.181908594803512e-21,-3.1696273403448542e-21
-6.19906408214426e-21,-3.125982016981926e-21
-6.216198967495597e-21,-3.0823611991547246e-21
-6.233353912678728e-21,-3.038716520674316e-21
-6.250569579514885e-21,-2.9949996153517477e-21
-6.267886629825284e-21,-2.951162116998076e-21
-6.2853457254311465e-21,-2.9071556594243495e-21
-6.302987528153687e-21,-2.8629318764416317e-21
-6.3208526998141334e-21,-2.818442401860974e-21
-6.338981902233705e-21,-2.7736388694934305e-21
-6.357415797233622e-21,-2.7284729131500528e-21
-6.3761950466350976e-21,-2.6828961666419023e-21
-6.3953603122593556e-21,-2.6368602637800275e-21
-6.414952255927618e-21,-2.590316838375485e-21
-6.435011539461103e-21,-2.543217524239331e-21
-6.4555788246810335e-21,-2.4955139551826126e-21
-6.476694773408627e-21,-2.447157765016394e-21
-6.4984000474651075e-21,-2.3981005875517287e-21
-6.520735308671699e-21,-2.3482940565996657e-21
-6.5437412188496095e-21,-2.297689805971258e-21
-6.567458439820061e-21,-2.2462394694775684e-21
-6.5919276334042794e-21,-2.1938946809296484e-21
-6.6171894614234836e-21,-2.1406070741385506e-21
-6.643284585698899e-21,-2.0863282829153255e-21
-6.670253668051729e-21,-2.0310099410710384e-21
-6.698137370303208e-21,-1.974603682416736e-21
-6.7269763542745566e-21,-1.9170611407634762e-21
-6.756811281786992e-21,-1.858333949922306e-21
-6.78768281466173e-21,-1.7983737437042916e-21
-6.81963161472e-21,-1.7371321559204833e-21
-6.852698343783014e-21,-1.674560820381932e-21
-6.88692366367199e-21,-1.6106113708996898e-21
-6.922348236208159e-21,-1.5452354412848231e-21
-6.959012723212734e-21,-1.478384665348376e-21
-6.99695778650693e-21,-1.4100106769014094e-21
-7.036190754929451e-21,-1.3401060841790113e-21
-7.075095302104662e-21,-1.2706588220840791e-21
-7.112773982429713e-21,-1.2027715466944883e-21
-7.149245509524323e-21,-1.1364204438431483e-21
-7.184528597008237e-21,-1.0715816993629742e-21
-7.218641958501196e-21,-1.00823149908687e-21
-7.251604307622923e-21,-9.463460288477629e-22
-7.283434357993157e-21,-8.859014744785588e-22
-7.314150823231648e-21,-8.268740218121692e-22
-7.343772416958113e-21,-7.6923985668150175e-22
-7.372317852792302e-21,-7.129751649194813e-22
-7.399805844353947e-21,-6.580561323590121e-22
-7.426255105262781e-21,-6.044589448330078e-22
-7.451684349138541e-21,-5.521597881743779e-22
-7.476112289600967e-21,-5.011348482160439e-22
-7.499557640269785e-21,-4.513603107909122e-22
-7.522039114764735e-21,-4.02812361731897e-22
-7.543575426705568e-21,-3.554671868719058e-22
-7.564185289711995e-21,-3.0930097204385976e-22
-7.583887417403771e-21,-2.642899030806684e-22
-7.602700523400619e-21,-2.204101658152419e-22
-7.620643321322287e-21,-1.776379460804895e-22
-7.637734524788504e-21,-1.3594942970933262e-22
-7.653992847419007e-21,-9.532080253468081e-23
-7.66943700283353e-21,-5.572825038944467e-23
-7.684085704651813e-21,-1.7147959106535215e-23
-7.697957666493588e-21,2.0443885481129797e-23
-7.711071601978589e-21,5.707109754064124e-23
-7.723446224726566e-21,9.275749123908549e-23
-7.735100248357235e-21,1.2752688074355305e-22
-7.746052386490347e-21,1.6140308022112502e-22
-7.756321352745623e-21,1.9440990383889378e-22
-7.765925860742818e-21,2.265711657639446e-22
-7.774884624101654e-21,2.579106801633653e-22
-7.783216356441871e-21,2.884522612042468e-22
-7.790939771383211e-21,3.182197230536702e-22
-7.798073582545396e-21,3.472368798787271e-22
-7.804636503548173e-21,3.755275458465028e-22
-7.810647248011277e-21,4.031155351240866e-22
-7.816124529554441e-21,4.300246618785653e-22
-7.821087061797401e-21,4.562787402770304e-22
-7.825553558359895e-21,4.819015844865608e-22
-7.829542732861659e-21,5.069170086742478e-22
-7.83307329892242e-21,5.313488270071784e-22
-7.836163970161932e-21,5.5522085365244195e-22
-7.83883346019991e-21,5.7855690277712365e-22
-7.841100482656112e-21,6.013807885483138e-22
-7.842983751150253e-21,6.237163251330966e-22
-7.844501979302082e-21,6.455873266985656e-22
-7.845673880731331e-21,6.670176074117979e-22
-7.846518169057737e-21,6.880309814398884e-22
-7.847053557901035e-21,7.086512629499218e-22
-7.84729876088096e-21,7.289022661089874e-22
-7.847272491617248e-21,7.488078050841706e-22
-7.846993463729638e-21,7.683916940425596e-22
-7.846480390837863e-21,7.876777471512417e-22
-7.845751986561662e-21,8.06689778577305e-22
-7.844826964520764e-21,8.25451602487841e-22
-7.843724038334917e-21,8.4398703304992755e-22
-7.842461921623842e-21,8.623198844306578e-22
-7.841059328007284e-21,8.804739707971186e-22
-7.839534971104981e-21,8.98473106316397e-22
-7.837907564536663e-21,9.163411051555815e-22
-7.836195821922071e-21,9.34101781481758e-22
-7.834418456880938e-21,9.517789494620145e-22
-7.832594183032995e-21,9.693964232634427e-22
-7.830741713997985e-21,9.86978017053122e-22
-7.828879763395647e-21,1.0045475449981434e-21
-7.827027044845709e-21,1.0221288212655946e-21
-7.825202271967909e-21,1.0397456600225634e-21
-7.823424158381983e-21,1.0574218754361367e-21
-7.821711417707669e-21,1.0751812816734022e-21
-7.820082763564706e-21,1.0930476929014473e-21
-7.81855690957282e-21,1.1110449232873614e-21
-7.817152569351757e-21,1.1291967869982277e-21
-7.815888456521248e-21,1.147527098201136e-21
-7.814783284701026e-21,1.1660596710631728e-21
-7.813855767510833e-21,1.1848183197514257e-21
-7.813124618570401e-21,1.203826858432983e-21
-7.812608551499469e-21,1.2231091012749314e-21
-7.812326279917769e-21,1.2426888624443588e-21
-7.81229651744504e-21,1.2625899561083523e-21
-7.812537977701021e-21,1.282836196434003e-21
-7.813069374305444e-21,1.3034513975883916e-21
-7.81390942087804e-21,1.3244593737386084e-21
-7.81507683103855e-21,1.3458839390517411e-21
-7.816590318406716e-21,1.3677489076948764e-21
-7.81846859660226e-21,1.3900780938351036e-21
-7.820730379244934e-21,1.4128953116395077e-21
-7.823394379954456e-21,1.436224375275178e-21
-7.82647931235058e-21,1.4600890989092059e-21
-7.830003890053033e-21,1.4845132967086686e-21
-7.833986826681547e-21,1.50952078284066e-21
-7.838446835855866e-21,1.5351353714722662e-21
-7.843402631195721e-21,1.5613808767705755e-21
-7.848872926320848e-21,1.5882811129026747e-21
-7.854876434850986e-21,1.6158598940356503e-21
-7.86143187040587e-21,1.6441410343365918e-21
-7.868557946605241e-21,1.6731483479725907e-21
-7.876273377068821e-21,1.702905649110724e-21
-7.884584669180347e-21,1.7334206748142508e-21
-7.892902105988735e-21,1.7639161113721764e-21
-7.900894356951748e-21,1.793955703732435e-21
-7.908564712092112e-21,1.8235440638355095e-21
-7.915916461432534e-21,1.8526858036218907e-21
-7.922952894995734e-21,1.881385535032061e-21
-7.929677302804432e-21,1.9096478700065146e-21
-7.936092974881346e-21,1.9374774204857273e-21
-7.942203201249184e-21,1.9648787984101895e-21
-7.948011271930676e-21,1.9918566157203867e-21
-7.95352047694853e-21,2.018415484356807e-21
-7.95873410632547e-21,2.044560016259937e-21
-7.963655450084208e-21,2.070294823370262e-21
-7.968287798247462e-21,2.0956245176282674e-21
-7.97263444083795e-21,2.120553710974441e-21
-7.976698667878393e-21,2.145087015349273e-21
-7.980483769391504e-21,2.1692290426932414e-21
-7.983993035399996e-21,2.192984404946836e-21
-7.987229755926602e-21,2.2163577140505445e-21
-7.990197220994017e-21,2.239353581944852e-21
-7.99289872062498e-21,2.261976620570245e-21
-7.995337544842187e-21,2.28423144186721e-21
-7.997516983668375e-21,2.3061226577762337e-21
-7.999440327126252e-21,2.3276548802378058e-21
-8.001110865238532e-21,2.3488327211924053e-21
-8.002531888027937e-21,2.3696607925805216e-21
-8.003706685517184e-21,2.390143706342641e-21
-8.004638547728986e-21,2.4102860744192517e-21
-8.005330764686071e-21,2.4300925087508387e-21
-8.005786626411146e-21,2.4495676212778873e-21
-8.006009422926928e-21,2.4687160239408854e-21
-8.006002444256141e-21,2.4875423286803225e-21
-8.005768980421499e-21,2.5060511474366763e-21
-8.005312321445717e-21,2.5242470921504395e-21
-8.004635757351513e-21,2.5421347747620964e-21
-8.00374257816161e-21,2.5597188072121337e-21
-8.002636073898719e-21,2.577003801441038e-21
-8.001319534585554e-21,2.5939943693892955e-21
-7.999796250244845e-21,2.610695122997392e-21
-7.998069510899298e-21,2.6271106742058153e-21
-7.996142606571632e-21,2.6432456349550538e-21
-7.994018827284567e-21,2.659104617185587e-21
-7.99170146306082e-21,2.6746922328379054e-21
-7.989193803923107e-21,2.6900130938524945e-21
-7.986499139894146e-21,2.705071812169842e-21
-7.983620760996655e-21,2.7198729997304323e-21
-7.980561957253349e-21,2.7344212684747535e-21
-7.97732601868695e-21,2.7487212303432904e-21
-7.973916235320168e-21,2.7627774972765324e-21
-7.970335897175722e-21,2.7765946812149617e-21
-7.966588294276332e-21,2.790177394099066e-21
-7.962676716644719e-21,2.803530247869332e-21
-7.958604454303595e-21,2.8166578544662464e-21
-7.954374797275675e-21,2.8295648258302946e-21
-7.94999103558368e-21,2.8422557739019635e-21
-7.945456459250325e-21,2.8547353106217395e-21
-7.94077435829833e-21,2.8670080479301118e-21
-7.93594802275041e-21,2.879078597767561e-21
-7.930980742629288e-21,2.8909515720745757e-21
-7.92587580795767e-21,2.9026315827916432e-21
-7.920636508758282e-21,2.914123241859249e-21
-7.915266135053838e-21,2.92543116121788e-21
-7.909767976867058e-21,2.936559952808021e-21
-7.904145324220657e-21,2.9475142285701614e-21
-7.898401467137357e-21,2.958298600444784e-21
-7.892539695639862e-21,2.9689176803723803e-21
-7.886563299750903e-21,2.9793760802934303e-21
-7.880475569493191e-21,2.9896784121484234e-21
-7.874279794889445e-21,2.9998292878778455e-21
-7.867979265962385e-21,3.0098333194221835e-21
-7.861577272734724e-21,3.0196951187219228e-21
-7.855077105229174e-21,3.029419297717551e-21
-7.848482053468464e-21,3.039010468349553e-21
-7.841795407475307e-21,3.048473242558418e-21
-7.835020457272416e-21,3.0578122322846275e-21
-7.828160492882513e-21,3.0670320494686714e-21
-7.821218804328313e-21,3.0761373060510353e-21
-7.814198681632538e-21,3.085132613972204e-21
-7.807103414817899e-21,3.094022585172666e-21
-7.799936293907107e-21,3.1028118315929065e-21
-7.792700608922897e-21,3.111504965173412e-21
-7.785399649887973e-21,3.1201065978546708e-21
-7.77803670682506e-21,3.128621341577165e-21
-7.770615069756865e-21,3.1370538082813834e-21
-7.763138028706117e-21,3.1454086099078122e-21
-7.755608873695527e-21,3.153690358396938e-21
-7.74803089474781e-21,3.1619036656892467e-21
-7.740407381885692e-21,3.1700531437252245e-21
-7.732741625131878e-21,3.178143404445358e-21
-7.725036914509094e-21,3.1861790597901337e-21
-7.717296540040055e-21,3.1941647217000383e-21
-7.70952379174748e-21,3.2021050021155565e-21
-7.701721959654083e-21,3.210004512977176e-21
-7.693894333782583e-21,3.217867866225383e-21
-7.686044204155699e-21,3.2256996738006625e-21
-7.678174860796146e-21,3.2335045476435026e-21
-7.670289593726638e-21,3.2412870996943886e-21
-7.662391692969898e-21,3.249051941893807e-21
-7.65448444854864e-21,3.2568036861822464e-21
-7.646571150485583e-21,3.264546944500189e-21
-7.638654480620412e-21,3.2722847383712986e-21
-7.630706356075616e-21,3.2799415857575794e-21
-7.622708464942924e-21,3.2874732699441626e-21
-7.614658613466522e-21,3.2948787446761203e-21
-7.606554607890593e-21,3.3021569636985246e-21
-7.598394254459326e-21,3.3093068807564443e-21
-7.590175359416897e-21,3.3163274495949568e-21
-7.581895729007493e-21,3.323217623959128e-21
-7.573553169475298e-21,3.3299763575940324e-21
-7.565145487064498e-21,3.336602604244742e-21
-7.556670488019273e-21,3.3430953176563272e-21
-7.548125978583807e-21,3.349453451573861e-21
-7.539509765002282e-21,3.3556759597424155e-21
-7.53081965351889e-21,3.36176179590706e-21
-7.522053450377807e-21,3.3677099138128693e-21
-7.513208961823215e-21,3.373519267204914e-21
-7.504283994099306e-21,3.379188809828265e-21
-7.495276353450259e-21,3.384717495427995e-21
-7.486183846120254e-21,3.390104277749175e-21
-7.477004278353485e-21,3.395348110536878e-21
-7.467735456394123e-21,3.400447947536174e-21
-7.45837518648636e-21,3.405402742492136e-21
-7.44892127487438e-21,3.410211449149836e-21
-7.43937152780236e-21,3.4148730212543454e-21
-7.429723751514492e-21,3.419386412550736e-21
-7.419975752254953e-21,3.423750576784078e-21
-7.410125336267928e-21,3.4279644676994456e-21
-7.400170309797609e-21,3.432027039041909e-21
-7.390108479088168e-21,3.43593724455654e-21
-7.379937650383794e-21,3.439694037988412e-21
-7.369655629928673e-21,3.443296373082595e-21
-7.359260223966983e-21,3.446743203584162e-21
-7.34874923874291e-21,3.450033483238183e-21
-7.338120480500642e-21,3.453166165789731e-21
-7.327371755484358e-21,3.456140204983878e-21
-7.31650086993824e-21,3.458954554565695e-21
-7.305505630106477e-21,3.4616081682802534e-21
